customer_id,first_name,last_name,email,created_at
1,Robert,Garcia,robert.garcia1@example.com,2025-09-29 00:00:00
2,Christopher,Williams,christopher.williams2@example.com,2025-03-24 00:00:00
3,John,Brown,john.brown3@example.com,2026-04-04 00:00:00
4,Margaret,Brown,margaret.brown4@example.com,2025-02-05 00:00:00
5,Robert,Jones,robert.jones5@example.com,2025-12-10 00:00:00
6,Linda,Garcia,linda.garcia6@example.com,2025-10-27 00:00:00
7,Barbara,Moore,barbara.moore7@example.com,2026-01-01 00:00:00
8,Mary,Gonzalez,mary.gonzalez8@example.com,2025-12-19 00:00:00
9,Thomas,Lopez,thomas.lopez9@example.com,2026-05-16 00:00:00
10,Mark,Martin,mark.martin10@example.com,2025-05-18 00:00:00
11,Sandra,Moore,sandra.moore11@example.com,2025-12-08 00:00:00
12,Matthew,Smith,matthew.smith12@example.com,2026-01-08 00:00:00
13,Richard,Wilson,richard.wilson13@example.com,2025-01-24 00:00:00
14,Richard,Johnson,richard.johnson14@example.com,2026-04-07 00:00:00
15,Betty,Thomas,betty.thomas15@example.com,2025-11-26 00:00:00
16,Elizabeth,Hernandez,elizabeth.hernandez16@example.com,2025-12-01 00:00:00
17,Susan,Hernandez,susan.hernandez17@example.com,2025-03-17 00:00:00
18,Patricia,Martin,patricia.martin18@example.com,2025-06-18 00:00:00
19,Elizabeth,Gonzalez,elizabeth.gonzalez19@example.com,2025-12-10 00:00:00
20,Thomas,Jackson,thomas.jackson20@example.com,2025-04-28 00:00:00
21,Michael,Wilson,michael.wilson21@example.com,2025-11-27 00:00:00
22,William,Anderson,william.anderson22@example.com,2026-01-18 00:00:00
23,Elizabeth,Moore,elizabeth.moore23@example.com,2025-04-18 00:00:00
24,Charles,Brown,charles.brown24@example.com,2025-07-12 00:00:00
25,Joseph,Jackson,joseph.jackson25@example.com,2026-02-23 00:00:00
26,Barbara,Jackson,barbara.jackson26@example.com,2025-12-23 00:00:00
27,John,Taylor,john.taylor27@example.com,2025-12-28 00:00:00
28,Barbara,Jones,barbara.jones28@example.com,2025-12-16 00:00:00
29,Michael,Hernandez,michael.hernandez29@example.com,2026-04-24 00:00:00
30,Sarah,Miller,sarah.miller30@example.com,2025-01-04 00:00:00
31,Jennifer,Rodriguez,jennifer.rodriguez31@example.com,2025-04-26 00:00:00
32,William,Garcia,william.garcia32@example.com,2025-07-09 00:00:00
33,Betty,Moore,betty.moore33@example.com,2025-05-03 00:00:00
34,Charles,Davis,charles.davis34@example.com,2025-01-01 00:00:00
35,Richard,Smith,richard.smith35@example.com,2025-01-27 00:00:00
36,David,Miller,david.miller36@example.com,2026-02-07 00:00:00
37,Karen,Wilson,karen.wilson37@example.com,2025-09-16 00:00:00
38,Betty,Williams,betty.williams38@example.com,2025-09-13 00:00:00
39,Robert,Jackson,robert.jackson39@example.com,2025-12-22 00:00:00
40,Mark,Taylor,mark.taylor40@example.com,2025-04-15 00:00:00
41,Margaret,Williams,margaret.williams41@example.com,2025-03-26 00:00:00
42,Linda,Gonzalez,linda.gonzalez42@example.com,2025-06-20 00:00:00
43,James,Martin,james.martin43@example.com,2026-02-21 00:00:00
44,Jessica,Brown,jessica.brown44@example.com,2025-10-01 00:00:00
45,Joseph,Martinez,joseph.martinez45@example.com,2026-05-12 00:00:00
46,Linda,Lopez,linda.lopez46@example.com,2026-04-13 00:00:00
47,Thomas,Martinez,thomas.martinez47@example.com,2026-02-13 00:00:00
48,Linda,Rodriguez,linda.rodriguez48@example.com,2025-09-15 00:00:00
49,Betty,Lopez,betty.lopez49@example.com,2025-01-29 00:00:00
50,Barbara,Wilson,barbara.wilson50@example.com,2026-02-19 00:00:00
51,Mary,Jackson,mary.jackson51@example.com,2025-06-01 00:00:00
52,Jennifer,Anderson,jennifer.anderson52@example.com,2026-04-04 00:00:00
53,Christopher,Martinez,christopher.martinez53@example.com,2026-01-03 00:00:00
54,Jennifer,Wilson,jennifer.wilson54@example.com,2026-03-15 00:00:00
55,Mary,Gonzalez,mary.gonzalez55@example.com,2025-12-05 00:00:00
56,Mark,Smith,mark.smith56@example.com,2026-04-02 00:00:00
57,James,Brown,james.brown57@example.com,2026-05-08 00:00:00
58,Karen,Rodriguez,karen.rodriguez58@example.com,2025-01-31 00:00:00
59,Nancy,Jackson,nancy.jackson59@example.com,2025-06-17 00:00:00
60,Sarah,Hernandez,sarah.hernandez60@example.com,2025-07-19 00:00:00
61,Daniel,Martinez,daniel.martinez61@example.com,2025-08-07 00:00:00
62,Patricia,Rodriguez,patricia.rodriguez62@example.com,2026-02-25 00:00:00
63,Mary,Gonzalez,mary.gonzalez63@example.com,2025-04-08 00:00:00
64,Michael,Davis,michael.davis64@example.com,2025-08-23 00:00:00
65,Linda,Jones,linda.jones65@example.com,2026-05-09 00:00:00
66,Betty,Davis,betty.davis66@example.com,2026-01-29 00:00:00
67,Susan,Rodriguez,susan.rodriguez67@example.com,2026-01-10 00:00:00
68,Patricia,Garcia,patricia.garcia68@example.com,2025-07-07 00:00:00
69,Jennifer,Taylor,jennifer.taylor69@example.com,2025-06-05 00:00:00
70,James,Garcia,james.garcia70@example.com,2025-05-04 00:00:00
71,Patricia,Rodriguez,patricia.rodriguez71@example.com,2026-02-14 00:00:00
72,Jennifer,Lopez,jennifer.lopez72@example.com,2025-06-29 00:00:00
73,Jessica,Smith,jessica.smith73@example.com,2025-10-27 00:00:00
74,Michael,Moore,michael.moore74@example.com,2026-02-15 00:00:00
75,Sandra,Jones,sandra.jones75@example.com,2025-03-07 00:00:00
76,Mary,Davis,mary.davis76@example.com,2025-02-12 00:00:00
77,Robert,Thomas,robert.thomas77@example.com,2025-08-22 00:00:00
78,Karen,Williams,karen.williams78@example.com,2025-09-03 00:00:00
79,Linda,Williams,linda.williams79@example.com,2025-03-31 00:00:00
80,Sandra,Jones,sandra.jones80@example.com,2025-02-09 00:00:00
81,Mark,Taylor,mark.taylor81@example.com,2026-01-23 00:00:00
82,Daniel,Williams,daniel.williams82@example.com,2025-04-19 00:00:00
83,Jennifer,Jackson,jennifer.jackson83@example.com,2025-02-03 00:00:00
84,John,Brown,john.brown84@example.com,2026-03-17 00:00:00
85,Margaret,Anderson,margaret.anderson85@example.com,2025-01-03 00:00:00
86,Robert,Lopez,robert.lopez86@example.com,2026-03-17 00:00:00
87,Susan,Thomas,susan.thomas87@example.com,2025-08-15 00:00:00
88,John,Johnson,john.johnson88@example.com,2025-04-24 00:00:00
89,Nancy,Gonzalez,nancy.gonzalez89@example.com,2025-03-01 00:00:00
90,Linda,Miller,linda.miller90@example.com,2025-03-05 00:00:00
91,John,Smith,john.smith91@example.com,2025-06-07 00:00:00
92,Thomas,Davis,thomas.davis92@example.com,2026-01-07 00:00:00
93,Patricia,Wilson,patricia.wilson93@example.com,2026-02-19 00:00:00
94,Mark,Anderson,mark.anderson94@example.com,2025-09-05 00:00:00
95,Patricia,Martinez,patricia.martinez95@example.com,2025-11-12 00:00:00
96,Jessica,Davis,jessica.davis96@example.com,2026-03-21 00:00:00
97,David,Jackson,david.jackson97@example.com,2026-03-17 00:00:00
98,James,Thomas,james.thomas98@example.com,2026-04-24 00:00:00
99,John,Lopez,john.lopez99@example.com,2025-11-28 00:00:00
100,Sarah,Martinez,sarah.martinez100@example.com,2025-08-12 00:00:00
